target_calories,target_protein,target_carbs,target_fat
2120.4288422883374,200.0,167.71428571428572,73.0
